Numéro de paragraphe,Note de cohérence,phrase1,phrase2
1,4,"In the realm of artificial intelligence, algorithms dance in intricate patterns, orchestrating a symphony of data processing"," Concurrently, traditional programming languages maintain their relevance, providing the foundational syntax for software development"
1,3,"In the realm of artificial intelligence, algorithms dance in intricate patterns, orchestrating a symphony of data processing"," As quantum computing edges closer to reality, classical algorithms seem to waltz gracefully with the potential disruptor"
1,2,"In the realm of artificial intelligence, algorithms dance in intricate patterns, orchestrating a symphony of data processing"," In the cybersecurity domain, digital defenses evolve to thwart the ever-present threats, resembling a strategic chess game where each move carries profound consequences"
1,2,"In the realm of artificial intelligence, algorithms dance in intricate patterns, orchestrating a symphony of data processing"," While machine learning models analyze vast datasets to unveil patterns, computer scientists delve into the theoretical intricacies of computational complexity, constructing the intellectual scaffolding for the edifice of future breakthroughs"
1,4," Concurrently, traditional programming languages maintain their relevance, providing the foundational syntax for software development"," As quantum computing edges closer to reality, classical algorithms seem to waltz gracefully with the potential disruptor"
1,3," Concurrently, traditional programming languages maintain their relevance, providing the foundational syntax for software development"," In the cybersecurity domain, digital defenses evolve to thwart the ever-present threats, resembling a strategic chess game where each move carries profound consequences"
1,2," Concurrently, traditional programming languages maintain their relevance, providing the foundational syntax for software development"," While machine learning models analyze vast datasets to unveil patterns, computer scientists delve into the theoretical intricacies of computational complexity, constructing the intellectual scaffolding for the edifice of future breakthroughs"
1,4," As quantum computing edges closer to reality, classical algorithms seem to waltz gracefully with the potential disruptor"," In the cybersecurity domain, digital defenses evolve to thwart the ever-present threats, resembling a strategic chess game where each move carries profound consequences"
1,3," As quantum computing edges closer to reality, classical algorithms seem to waltz gracefully with the potential disruptor"," While machine learning models analyze vast datasets to unveil patterns, computer scientists delve into the theoretical intricacies of computational complexity, constructing the intellectual scaffolding for the edifice of future breakthroughs"
1,3," In the cybersecurity domain, digital defenses evolve to thwart the ever-present threats, resembling a strategic chess game where each move carries profound consequences"," While machine learning models analyze vast datasets to unveil patterns, computer scientists delve into the theoretical intricacies of computational complexity, constructing the intellectual scaffolding for the edifice of future breakthroughs"
2,5,The sun shines brightly in the clear blue sky," Birds chirp happily in the trees, and a gentle breeze rustles the leaves"
2,5,The sun shines brightly in the clear blue sky," Children laugh and play in the nearby park, enjoying the warmth of the day"
2,2,The sun shines brightly in the clear blue sky," A friendly dog runs around, chasing a ball thrown by its owner"
2,3,The sun shines brightly in the clear blue sky," As the day unfolds, families gather for a picnic, sharing food and stories under the shade of a big oak tree"
2,1,The sun shines brightly in the clear blue sky," In a distant city, skyscrapers tower over the bustling streets, creating a stark contrast to the peaceful scene in the park"
2,1,The sun shines brightly in the clear blue sky," Meanwhile, a chef in a small restaurant passionately prepares a delicious meal for the evening crowd"
2,3," Birds chirp happily in the trees, and a gentle breeze rustles the leaves"," Children laugh and play in the nearby park, enjoying the warmth of the day"
2,2," Birds chirp happily in the trees, and a gentle breeze rustles the leaves"," A friendly dog runs around, chasing a ball thrown by its owner"
2,4," Birds chirp happily in the trees, and a gentle breeze rustles the leaves"," As the day unfolds, families gather for a picnic, sharing food and stories under the shade of a big oak tree"
2,1," Birds chirp happily in the trees, and a gentle breeze rustles the leaves"," Meanwhile, a chef in a small restaurant passionately prepares a delicious meal for the evening crowd"
2,1," Children laugh and play in the nearby park, enjoying the warmth of the day"," A friendly dog runs around, chasing a ball thrown by its owner"
2,4," Children laugh and play in the nearby park, enjoying the warmth of the day"," As the day unfolds, families gather for a picnic, sharing food and stories under the shade of a big oak tree"
2,4," Children laugh and play in the nearby park, enjoying the warmth of the day"," In a distant city, skyscrapers tower over the bustling streets, creating a stark contrast to the peaceful scene in the park"
2,2," Children laugh and play in the nearby park, enjoying the warmth of the day"," Meanwhile, a chef in a small restaurant passionately prepares a delicious meal for the evening crowd"
2,1," A friendly dog runs around, chasing a ball thrown by its owner"," As the day unfolds, families gather for a picnic, sharing food and stories under the shade of a big oak tree"
2,3," A friendly dog runs around, chasing a ball thrown by its owner"," In a distant city, skyscrapers tower over the bustling streets, creating a stark contrast to the peaceful scene in the park"
2,1," A friendly dog runs around, chasing a ball thrown by its owner"," Meanwhile, a chef in a small restaurant passionately prepares a delicious meal for the evening crowd"
2,1," As the day unfolds, families gather for a picnic, sharing food and stories under the shade of a big oak tree"," In a distant city, skyscrapers tower over the bustling streets, creating a stark contrast to the peaceful scene in the park"
2,1," As the day unfolds, families gather for a picnic, sharing food and stories under the shade of a big oak tree"," Meanwhile, a chef in a small restaurant passionately prepares a delicious meal for the evening crowd"
2,2," In a distant city, skyscrapers tower over the bustling streets, creating a stark contrast to the peaceful scene in the park"," Meanwhile, a chef in a small restaurant passionately prepares a delicious meal for the evening crowd"
3,5,"In computer science classes, students code diverse projects using various programming languages"," Professors guide learners through intricate algorithms, fostering problem-solving skills"
3,5,"In computer science classes, students code diverse projects using various programming languages"," The university's computer science department prioritizes cutting-edge research, advancing technological frontiers"
3,2,"In computer science classes, students code diverse projects using various programming languages", Labs buzz with innovation as students collaborate on software development challenges
3,3,"In computer science classes, students code diverse projects using various programming languages"," Graduates emerge with a robust foundation, equipped for dynamic careers in the tech industry"
3,1,"In computer science classes, students code diverse projects using various programming languages"," Meanwhile, the university's commitment to excellence in computer science education remains unwavering"
3,1,"In computer science classes, students code diverse projects using various programming languages"," The students really enjoyed the picnics, music, playing video games, and other sportive activities"
3,3," Professors guide learners through intricate algorithms, fostering problem-solving skills"," The university's computer science department prioritizes cutting-edge research, advancing technological frontiers"
3,2," Professors guide learners through intricate algorithms, fostering problem-solving skills", Labs buzz with innovation as students collaborate on software development challenges
3,4," Professors guide learners through intricate algorithms, fostering problem-solving skills"," Graduates emerge with a robust foundation, equipped for dynamic careers in the tech industry"
3,1," Professors guide learners through intricate algorithms, fostering problem-solving skills"," Meanwhile, the university's commitment to excellence in computer science education remains unwavering"
3,1," Professors guide learners through intricate algorithms, fostering problem-solving skills"," The students really enjoyed the picnics, music, playing video games, and other sportive activities"
3,4," The university's computer science department prioritizes cutting-edge research, advancing technological frontiers", Labs buzz with innovation as students collaborate on software development challenges
3,4," The university's computer science department prioritizes cutting-edge research, advancing technological frontiers"," Graduates emerge with a robust foundation, equipped for dynamic careers in the tech industry"
3,2," The university's computer science department prioritizes cutting-edge research, advancing technological frontiers"," Meanwhile, the university's commitment to excellence in computer science education remains unwavering"
3,1," The university's computer science department prioritizes cutting-edge research, advancing technological frontiers"," The students really enjoyed the picnics, music, playing video games, and other sportive activities"
3,3, Labs buzz with innovation as students collaborate on software development challenges," Graduates emerge with a robust foundation, equipped for dynamic careers in the tech industry"
3,1, Labs buzz with innovation as students collaborate on software development challenges," Meanwhile, the university's commitment to excellence in computer science education remains unwavering"
3,1, Labs buzz with innovation as students collaborate on software development challenges," The students really enjoyed the picnics, music, playing video games, and other sportive activities"
3,1," Graduates emerge with a robust foundation, equipped for dynamic careers in the tech industry"," Meanwhile, the university's commitment to excellence in computer science education remains unwavering"
3,2," Graduates emerge with a robust foundation, equipped for dynamic careers in the tech industry"," The students really enjoyed the picnics, music, playing video games, and other sportive activities"
3,3," Meanwhile, the university's commitment to excellence in computer science education remains unwavering"," The students really enjoyed the picnics, music, playing video games, and other sportive activities"
4,5,Leveraging the power of artificial intelligence is transforming industries worldwide,"From healthcare to manufacturing, AI applications are enhancing efficiency and accuracy"
4,2,Leveraging the power of artificial intelligence is transforming industries worldwide,Climate change is undeniably a pressing global concern
4,1,Leveraging the power of artificial intelligence is transforming industries worldwide,The impact of deforestation on biodiversity is a topic that demands our attention
4,2,"From healthcare to manufacturing, AI applications are enhancing efficiency and accuracy",Climate change is undeniably a pressing global concern
4,1,"From healthcare to manufacturing, AI applications are enhancing efficiency and accuracy",The impact of deforestation on biodiversity is a topic that demands our attention
4,4,Climate change is undeniably a pressing global concern,The impact of deforestation on biodiversity is a topic that demands our attention
5,5,Exploring new cultures is a pursuit that broadens our understanding of the world, Planning a trip involves careful consideration of both budget constraints and the desired itinerary
5,1,Exploring new cultures is a pursuit that broadens our understanding of the world," In the field of healthcare, for instance, AI aids in diagnosing diseases with unprecedented precision"
5,1,Exploring new cultures is a pursuit that broadens our understanding of the world," Sustainable practices, such as recycling and embracing renewable energy sources, play a pivotal role in mitigating environmental degradation"
5,1, Planning a trip involves careful consideration of both budget constraints and the desired itinerary," In the field of healthcare, for instance, AI aids in diagnosing diseases with unprecedented precision"
5,1, Planning a trip involves careful consideration of both budget constraints and the desired itinerary," Sustainable practices, such as recycling and embracing renewable energy sources, play a pivotal role in mitigating environmental degradation"
5,2," In the field of healthcare, for instance, AI aids in diagnosing diseases with unprecedented precision"," Sustainable practices, such as recycling and embracing renewable energy sources, play a pivotal role in mitigating environmental degradation"
6,5,Education is universally acknowledged as the key to personal and societal development, The rise of online learning platforms has provided learners with unprecedented flexibility
6,5,Education is universally acknowledged as the key to personal and societal development," However, it is essential to recognize that the role of educators extends beyond imparting knowledge; it includes nurturing critical thinking skills and fostering a passion for lifelong learning"
6,5, The rise of online learning platforms has provided learners with unprecedented flexibility," However, it is essential to recognize that the role of educators extends beyond imparting knowledge; it includes nurturing critical thinking skills and fostering a passion for lifelong learning"
7,5,"Technology has revolutionized the fashion industry, enabling designers to create innovative and sustainable clothing",Smart fabrics embedded with sensors can monitor your health and adjust your clothing accordingly
7,3,"Technology has revolutionized the fashion industry, enabling designers to create innovative and sustainable clothing","The fitness industry is booming, with advanced wearables providing real-time data on your workout performance"
7,3,"Technology has revolutionized the fashion industry, enabling designers to create innovative and sustainable clothing","However, it's essential to recognize that some fashion trends may seem outlandish and impractical, driven more by eccentricity than functionality"
7,1,"Technology has revolutionized the fashion industry, enabling designers to create innovative and sustainable clothing","High-protein diets are often promoted for muscle building, but it's crucial to balance macronutrients for overall health"
7,2,Smart fabrics embedded with sensors can monitor your health and adjust your clothing accordingly,"The fitness industry is booming, with advanced wearables providing real-time data on your workout performance"
7,3,Smart fabrics embedded with sensors can monitor your health and adjust your clothing accordingly,"However, it's essential to recognize that some fashion trends may seem outlandish and impractical, driven more by eccentricity than functionality"
7,4,Smart fabrics embedded with sensors can monitor your health and adjust your clothing accordingly,"High-protein diets are often promoted for muscle building, but it's crucial to balance macronutrients for overall health"
7,3,"The fitness industry is booming, with advanced wearables providing real-time data on your workout performance","However, it's essential to recognize that some fashion trends may seem outlandish and impractical, driven more by eccentricity than functionality"
7,2,"The fitness industry is booming, with advanced wearables providing real-time data on your workout performance","High-protein diets are often promoted for muscle building, but it's crucial to balance macronutrients for overall health"
7,2,"However, it's essential to recognize that some fashion trends may seem outlandish and impractical, driven more by eccentricity than functionality","High-protein diets are often promoted for muscle building, but it's crucial to balance macronutrients for overall health"
8,1,"Conversely, fad diets that restrict entire food groups can lead to nutritional deficiencies and are generally unsustainable","AI algorithms are reshaping the entertainment industry, from personalized content recommendations to computer-generated music"
8,3,"Conversely, fad diets that restrict entire food groups can lead to nutritional deficiencies and are generally unsustainable","Sustainable practices, such as upcycling and reducing textile waste, are gaining traction, but the industry still grapples with issues of overproduction and exploitation"
8,4,"Conversely, fad diets that restrict entire food groups can lead to nutritional deficiencies and are generally unsustainable","A holistic approach to wellness considers both physical activity and a well-rounded diet, but quick fixes and extreme regimens continue to gain popularity"
8,1,"AI algorithms are reshaping the entertainment industry, from personalized content recommendations to computer-generated music","Sustainable practices, such as upcycling and reducing textile waste, are gaining traction, but the industry still grapples with issues of overproduction and exploitation"
8,1,"AI algorithms are reshaping the entertainment industry, from personalized content recommendations to computer-generated music","A holistic approach to wellness considers both physical activity and a well-rounded diet, but quick fixes and extreme regimens continue to gain popularity"
8,4,"Sustainable practices, such as upcycling and reducing textile waste, are gaining traction, but the industry still grapples with issues of overproduction and exploitation","A holistic approach to wellness considers both physical activity and a well-rounded diet, but quick fixes and extreme regimens continue to gain popularity"
9,5,"In the bustling halls of the school, students hurry to their classrooms, books in hand"," Teachers prepare lessons on traditional subjects like math and history, while the computer lab hums with the soft whirr of machines"
9,1,"In the bustling halls of the school, students hurry to their classrooms, books in hand",The cat caught a mouse
9,3,"In the bustling halls of the school, students hurry to their classrooms, books in hand","Amid the chalkboard equations, a glimpse of the future emerges—students engage with AI-powered educational tools, exploring virtual simulations and interactive learning modules"
9,4,"In the bustling halls of the school, students hurry to their classrooms, books in hand"," The school's science fair showcases projects that blend technology and innovation, from AI-assisted research to robotics competitions"
9,4,"In the bustling halls of the school, students hurry to their classrooms, books in hand"," As the bell rings, signaling the end of the day, students head home with a mix of traditional textbooks and laptops, bridging the gap between the familiar world of academia and the exciting frontier of artificial intelligence"
9,1," Teachers prepare lessons on traditional subjects like math and history, while the computer lab hums with the soft whirr of machines",The cat caught a mouse
9,2," Teachers prepare lessons on traditional subjects like math and history, while the computer lab hums with the soft whirr of machines","Amid the chalkboard equations, a glimpse of the future emerges—students engage with AI-powered educational tools, exploring virtual simulations and interactive learning modules"
9,3," Teachers prepare lessons on traditional subjects like math and history, while the computer lab hums with the soft whirr of machines"," The school's science fair showcases projects that blend technology and innovation, from AI-assisted research to robotics competitions"
9,2," Teachers prepare lessons on traditional subjects like math and history, while the computer lab hums with the soft whirr of machines"," As the bell rings, signaling the end of the day, students head home with a mix of traditional textbooks and laptops, bridging the gap between the familiar world of academia and the exciting frontier of artificial intelligence"
9,1,The cat caught a mouse,"Amid the chalkboard equations, a glimpse of the future emerges—students engage with AI-powered educational tools, exploring virtual simulations and interactive learning modules"
9,1,The cat caught a mouse," The school's science fair showcases projects that blend technology and innovation, from AI-assisted research to robotics competitions"
9,1,The cat caught a mouse," As the bell rings, signaling the end of the day, students head home with a mix of traditional textbooks and laptops, bridging the gap between the familiar world of academia and the exciting frontier of artificial intelligence"
9,4,"Amid the chalkboard equations, a glimpse of the future emerges—students engage with AI-powered educational tools, exploring virtual simulations and interactive learning modules"," The school's science fair showcases projects that blend technology and innovation, from AI-assisted research to robotics competitions"
9,3,"Amid the chalkboard equations, a glimpse of the future emerges—students engage with AI-powered educational tools, exploring virtual simulations and interactive learning modules"," As the bell rings, signaling the end of the day, students head home with a mix of traditional textbooks and laptops, bridging the gap between the familiar world of academia and the exciting frontier of artificial intelligence"
9,3," The school's science fair showcases projects that blend technology and innovation, from AI-assisted research to robotics competitions"," As the bell rings, signaling the end of the day, students head home with a mix of traditional textbooks and laptops, bridging the gap between the familiar world of academia and the exciting frontier of artificial intelligence"
